Case,T1003,T1018,T1021,T1041,T1053,T1059,T1074,T1078,T1082,T1098,T1133,T1190,T1204,T1486,T1555,T1566,T1595,T1598,T1657
CNA Financial,2,1,0,1,0,1,1,0,0,0,0,0,1,1,0,0,1,0,0
Change Healthcare,0,1,1,1,0,0,1,3,0,0,0,0,0,1,0,0,1,0,1
Colonial Pipeline,1,1,1,1,0,0,0,1,0,0,1,0,0,1,0,0,1,0,1
D.C. Metropolitan Police,1,1,1,1,1,0,0,2,0,0,0,0,0,0,0,0,1,0,3
ExecuPharm,1,1,1,1,0,0,1,0,0,0,1,1,0,0,0,0,1,0,2
Health Service Executive,0,0,1,1,1,0,0,1,1,0,0,0,1,1,0,1,1,0,1
Kaseya VSA,1,1,1,1,0,1,0,0,0,0,1,2,0,1,0,0,1,0,1
MGM Resorts,1,1,1,1,0,0,0,2,0,0,1,0,0,1,0,0,2,1,1
Royal Mail,1,1,1,1,1,0,0,2,0,1,0,0,0,1,1,0,1,0,1
